"path","reason"
"workspace/.android-home","VCS metadata, machine cache, credentials or export recursion"
"workspace/.gradle-home","VCS metadata, machine cache, credentials or export recursion"
"workspace/.gradle-home-pico","VCS metadata, machine cache, credentials or export recursion"
"workspace/.gradle-user","VCS metadata, machine cache, credentials or export recursion"
"workspace/github-export-20260923","VCS metadata, machine cache, credentials or export recursion"
"workspace/android-base/.git","VCS metadata, machine cache, credentials or export recursion"
"workspace/android-deps/.git","VCS metadata, machine cache, credentials or export recursion"
"workspace/android-deps/release-keystore.jks","Signing key, secret file or machine-local configuration"
"workspace/android-deps/release-keystore.properties","Signing key, secret file or machine-local configuration"
"workspace/ArxAndroid/.git","VCS metadata, machine cache, credentials or export recursion"
"workspace/ArxVR-Android/.gradle","VCS metadata, machine cache, credentials or export recursion"
"workspace/ArxWindows/.git","VCS metadata, machine cache, credentials or export recursion"
"workspace/PICO-OpenXR-Demos/.git","VCS metadata, machine cache, credentials or export recursion"
"workspace/PICO-OpenXR-Demos/.gradle","VCS metadata, machine cache, credentials or export recursion"
"workspace/SDL2/.git","VCS metadata, machine cache, credentials or export recursion"
"workspace/android-deps/app/release-keystore.jks","Signing key, secret file or machine-local configuration"
"workspace/third_party/cameraunlock-core/.git","VCS metadata, machine cache, credentials or export recursion"
"workspace/third_party/pwexplode-src/.git","VCS metadata, machine cache, credentials or export recursion"
"workspace/thirdparty/OpenXR-SDK/.git","VCS metadata, machine cache, credentials or export recursion"
"workspace/toolchain/VisualStudio2022/Common7/IDE/CommonExtensions/Microsoft/CMake/CMake/share/cmake-3.31/Templates/Windows/Windows_TemporaryKey.pfx","Signing key, secret file or machine-local configuration"
"workspace/android-deps/app/src/main/jni/etcpaksources/etcpak/.git","Git submodule metadata pointer"
"workspace/android-deps/app/src/main/jni/libsquish/.git","Git submodule metadata pointer"
"workspace/android-deps/third_party/freetype/src/main/jni/freetype/.git","Git submodule metadata pointer"
"workspace/android-deps/third_party/glm/.git","Git submodule metadata pointer"
"workspace/android-deps/third_party/legacy_gl4es/src/main/jni/gl4es/.git","Git submodule metadata pointer"
"workspace/android-deps/third_party/NG-GL4ES/src/main/jni/NG-GL4ES/.git","Git submodule metadata pointer"
"workspace/android-deps/third_party/openal/src/main/jni/openal/.git","Git submodule metadata pointer"
"workspace/android-deps/third_party/sse2neon/.git","Git submodule metadata pointer"
"workspace/ArxWindows/arx/.git","Git submodule metadata pointer"
"workspace/ArxWindows/data/.git","Git submodule metadata pointer"
